,beta,beta err
0,0.006555478169239035,4.238919422219627e-07
