,flux,flux_err,relative_err_p
E1,86158822093306.88,6088625241.367399,7.066746147914649e-05
E2,205512867313907.47,10694978767.033215,5.204043380260631e-05
E3,129313771633687.47,12048382309.436855,9.317168741753826e-05
