,beta,beta err
0,0.006556038081848841,1.3435837783152485e-06
