,beta,beta err
0,0.006533928716884711,1.2954643612271418e-06
