,beta,beta err
0,0.006535493968073436,1.3312335847930455e-06
