,beta,beta err
0,0.006535485099543563,3.9358618699404436e-07
