,flux,flux_err,relative_err_p
E1,47870821046883.734,4754977685.465687,9.932935306893433e-05
E2,125395426716818.34,10456318514.62108,8.338676129102126e-05
E3,125300243936937.25,31900068027.779003,0.00025458903371197017
