,flux,flux_err,relative_err_p
E1,52198471762374.42,3208164351.911756,6.146088656611318e-05
E2,125196516142181.66,5680742098.631424,4.537460205506028e-05
E3,123447669145995.67,9816511304.371775,7.951961646811051e-05
