,beta,beta err
0,0.006535725410637308,1.319230724780272e-06
