,beta,beta err
0,0.00653572015073908,4.0797078470380423e-07
