,flux,flux_err,relative_err_p
E1,48231454309471.695,4723836969.274669,9.794100213036705e-05
E2,126184640414406.9,10523839367.567,8.340031982502253e-05
E3,125326900789602.67,32265611801.418686,0.0002574516053467708
