,beta,beta err
0,0.006534137029591123,1.2764601020159914e-06
