,flux,flux_err,relative_err_p
E1,64236210965222.1,7852489570.236864,0.00012224397193178553
E2,171929476497938.22,19142570380.033615,0.00011133966536717264
E3,136441169732205.0,38342413353.52287,0.00028101791731028155
