,beta,beta err
0,0.006546929307057423,1.4365502903127352e-06
