,beta,beta err
0,0.006546881572248838,4.38884841654994e-07
