,flux,flux_err,relative_err_p
E1,66089645934956.35,8291346567.617917,0.00012545605972496868
E2,167077814774547.7,18833820411.25961,0.00011272484283250703
E3,125037465405943.77,35627357227.47604,0.0002849334566388489
