,beta,beta err
0,0.0065442027449730865,1.4212461272826307e-06
