,beta,beta err
0,0.0065336077892022984,1.2440401424157805e-06
