,beta,beta err
0,0.006535138343519718,1.341024603098139e-06
