,flux,flux_err,relative_err_p
E1,47332198981004.27,4773714723.622575,0.00010085554498616046
E2,124078280699452.11,10186236198.262924,8.209523972157928e-05
E3,117264338256367.75,30203888695.712296,0.0002575709644110165
