,flux,flux_err,relative_err_p
E1,51605674273495.875,3179021164.7094946,6.160216312379831e-05
E2,123866248140763.86,5797163132.7342005,4.6801798066461164e-05
E3,114723153721240.22,9178468205.51986,8.00053686444337e-05
