,flux,flux_err,relative_err_p
E1,46691059955637.12,4423816590.82013,9.474654452101452e-05
E2,129150587386812.95,9843414347.709875,7.62165666210121e-05
E3,126903040744941.38,30298062727.722027,0.00023874969858773674
