,beta,beta err
0,0.0065351268387517855,3.9860591478367747e-07
