,flux,flux_err,relative_err_p
E1,59002535536898.945,3513088101.273483,5.9541307323589027e-05
E2,135733696042983.2,6330478583.804247,4.6638961203852836e-05
E3,66545665709157.91,6208311691.670154,9.329400533468216e-05
