,beta,beta err
0,0.006570599977856654,4.3153043319166157e-07
