,beta,beta err
0,0.006566000073589992,1.374141899257193e-06
