,beta,beta err
0,0.006570615996482865,1.3715475359194372e-06
