,flux,flux_err,relative_err_p
E1,54224482525641.92,5664645071.062432,0.00010446655841083793
E2,136018140828958.78,12948706303.011562,9.519837739360376e-05
E3,67849654590211.71,18326245584.31734,0.00027010079410133304
