,beta,beta err
0,0.006529692141067214,1.2493188142481183e-06
