,flux,flux_err,relative_err_p
E1,48380218285492.16,2478195211.501841,5.122331604371824e-05
E2,115310310496559.86,4921418153.235917,4.267977539946648e-05
E3,63139477359140.25,5596903074.120608,8.864348119774838e-05
