,beta,beta err
0,0.006531328821002275,1.2085047843008199e-06
