,flux,flux_err,relative_err_p
E1,45068300822255.73,3913998711.3001943,8.684593472331166e-05
E2,115495413071126.7,7916387274.519722,6.854287165192e-05
E3,64324337696667.89,14778421917.010859,0.00022974852825847914
