,beta,beta err
0,0.006531310565331315,4.1285962480675904e-07
