,flux,flux_err,relative_err_p
E1,61588791742392.94,6629263281.33573,0.0001076374952940124
E2,160424770313401.06,15342465958.410835,9.563651503716197e-05
E3,128263234149172.86,31955017155.241848,0.000249136218708453
