,flux,flux_err,relative_err_p
E1,66965940906604.33,4364250013.463599,6.517118932966695e-05
E2,159724360379011.2,7557301560.671271,4.731464594842322e-05
E3,126184781090363.72,10667553163.376467,8.453914228956973e-05
