,beta,beta err
0,0.006542037965909753,1.2151972717402955e-06
