,beta,beta err
0,0.006544293490549014,1.2659095916312608e-06
