,beta,beta err
0,0.006544170010682421,4.081588690071482e-07
