,beta,beta err
0,0.006556695506800831,1.3869345228711445e-06
