,beta,beta err
0,0.006556481433376083,4.421981662514294e-07
