,beta,beta err
0,0.006553065574095579,1.4509526221743582e-06
