,flux,flux_err,relative_err_p
E1,81402115699306.78,9976425325.823792,0.00012255732225285087
E2,204942473191291.1,23308255783.158672,0.00011373072365240269
E3,127483514149726.48,35436947498.82496,0.00027797278522778305
