,flux,flux_err,relative_err_p
E1,88402065201739.27,6051949294.642832,6.84593655231005e-05
E2,203833611379064.84,11404221137.176075,5.594867823819251e-05
E3,125266288414449.05,12075428472.934671,9.639807026917396e-05
